s_lat,s_lon,s_country_id,s_country,e_lat,e_lon,e_country,e_vol,total,Wood and articles of wood; wood charcoal,44Percentage,Cork and articles of cork,45Percentage,"Manufactures of straw, esparto or other plaiting materials; basketware and wickerwork",46Percentage,Pulp of wood or other fibrous cellulosic material; recovered (waste and scrap) paper or paperboard,47Percentage,"Paper and paperboard; articles of paper pulp, of paper or paperboard",48Percentage,"Printed books, newspapers, pictures and other products of the printing industry; manuscripts, typescripts and plans",49Percentage
46,-112,1,USA,-26,134,Australia,1,410168057,117078935,28.54%,109493,0.03%,103936,0.03%,16412620,4.00%,140379442,34.22%,136083631,33.18%
46,-112,1,USA,51,5,Belgium,1,369657707,63175896,17.09%,13527,0.00%,,0.00%,182255034,49.30%,108107471,29.25%,16105779,4.36%
46,-112,1,USA,-11,-53,Brazil,1,298725798,22286649,7.46%,60192,0.02%,72314,0.02%,134705284,45.09%,105839735,35.43%,35761624,11.97%
46,-112,1,USA,61,-98,Canada,1,9170209739,2127821818,23.20%,10178322,0.11%,11776093,0.13%,317750915,3.47%,4738055849,51.67%,1964626742,21.42%
46,-112,1,USA,-38,-71,Chile,1,203303178,18054718,8.88%,50141,0.02%,54275,0.03%,22781398,11.21%,146111336,71.87%,16251310,7.99%
46,-112,1,USA,37,104,China,1,6790001718,2546004281,37.50%,538216,0.01%,206504,0.00%,3372415504,49.67%,700315925,10.31%,170521288,2.51%
46,-112,1,USA,22,114,"China, Hong Kong SAR",1,206419515,51182415,24.80%,66237,0.03%,124836,0.06%,12750965,6.18%,84934701,41.15%,57360361,27.79%
46,-112,1,USA,4,-73,Colombia,1,223837902,7592933,3.39%,306062,0.14%,62348,0.03%,69159277,30.90%,127497649,56.96%,19219633,8.59%
46,-112,1,USA,10,-84,Costa Rica,1,224966623,4247664,1.89%,63623,0.03%,35292,0.02%,10668248,4.74%,195076380,86.71%,14875416,6.61%
46,-112,1,USA,19,-71,Dominican Rep.,1,292925623,81122867,27.69%,81761,0.03%,42738,0.01%,1955297,0.67%,196294887,67.01%,13428073,4.58%
46,-112,1,USA,46,3,France,1,235202185,47077364,20.02%,37246,0.02%,26742,0.01%,52462201,22.31%,95552910,40.63%,40045722,17.03%
46,-112,1,USA,51,10,Germany,1,630144837,97750113,15.51%,355785,0.06%,187076,0.03%,224606649,35.64%,213948047,33.95%,93297167,14.81%
46,-112,1,USA,16,-90,Guatemala,1,217951161,9245565,4.24%,,0.00%,22844,0.01%,6815896,3.13%,196673660,90.24%,5193196,2.38%
46,-112,1,USA,23,80,India,1,692984349,28620420,4.13%,185168,0.03%,54795,0.01%,458164177,66.11%,148022701,21.36%,57937088,8.36%
46,-112,1,USA,-2,117,Indonesia,1,396766116,50638824,12.76%,82535,0.02%,,0.00%,288080447,72.61%,50808628,12.81%,7155682,1.80%
46,-112,1,USA,43,12,Italy,1,619938180,98063508,15.82%,720274,0.12%,116116,0.02%,247445147,39.91%,229095599,36.95%,44497536,7.18%
46,-112,1,USA,38,138,Japan,1,1883495788,696279876,36.97%,91046,0.00%,322042,0.02%,466438355,24.76%,609523828,32.36%,110840641,5.88%
46,-112,1,USA,24,-103,Mexico,1,5737027887,762525731,13.29%,4624097,0.08%,1400797,0.02%,732050666,12.76%,3803942157,66.31%,432484439,7.54%
46,-112,1,USA,52,5,Netherlands,1,466879806,15786632,3.38%,,0.00%,122227,0.03%,182056926,38.99%,207239479,44.39%,61674542,13.21%
46,-112,1,USA,12,123,Philippines,1,186635684,18940768,10.15%,15844,0.01%,19850,0.01%,41611945,22.30%,101960202,54.63%,24087075,12.91%
46,-112,1,USA,36,128,Rep. of Korea,1,770349396,120332836,15.62%,142526,0.02%,146312,0.02%,341381017,44.32%,271977174,35.31%,36369531,4.72%
46,-112,1,USA,24,45,Saudi Arabia,1,183265451,17692780,9.65%,15770,0.01%,5820,0.00%,63649331,34.73%,73927505,40.34%,27974245,15.26%
46,-112,1,USA,40,-4,Spain,1,336795713,92580974,27.49%,8554,0.00%,14233,0.00%,82600635,24.53%,139361623,41.38%,22229694,6.60%
46,-112,1,USA,15,101,Thailand,1,202654438,27094618,13.37%,36451,0.02%,12597,0.01%,109680552,54.12%,53231730,26.27%,12598490,6.22%
46,-112,1,USA,39,35,Turkey,1,366370033,94502732,25.79%,60998,0.02%,47473,0.01%,136207372,37.18%,130934631,35.74%,4616827,1.26%
46,-112,1,USA,54,-3,United Kingdom,1,1742216078,754103325,43.28%,2439352,0.14%,361878,0.02%,16463849,0.94%,366224688,21.02%,602622986,34.59%
46,-112,1,USA,17,106,Viet Nam,1,311728982,216027573,69.30%,28550,0.01%,57122,0.02%,70548529,22.63%,21069867,6.76%,3997341,1.28%
48,14,2,Austria,-26,134,Australia,,104131263,68532165,65.81%,695,0.00%,,0.00%,,0.00%,34716687,33.34%,881716,0.85%
48,14,2,Austria,51,5,Belgium,,165883544,27963040,16.86%,94851,0.06%,14123,0.01%,763851,0.46%,132801852,80.06%,4245827,2.56%
48,14,2,Austria,61,-98,Canada,,66260572,55571807,83.87%,116,0.00%,1229,0.00%,135,0.00%,9846492,14.86%,840793,1.27%
48,14,2,Austria,37,104,China,,108380840,57944891,53.46%,163066,0.15%,3252,0.00%,309,0.00%,43238235,39.89%,7031087,6.49%
48,14,2,Austria,45,16,Croatia,,136699034,74780881,54.70%,1365278,1.00%,51542,0.04%,5575693,4.08%,53273392,38.97%,1652248,1.21%
48,14,2,Austria,50,15,Czechia,,355873392,150067544,42.17%,676273,0.19%,373472,0.10%,6586188,1.85%,183211531,51.48%,14958384,4.20%
48,14,2,Austria,46,3,France,,421058037,211930979,50.33%,12287,0.00%,32797,0.01%,8383704,1.99%,192612662,45.74%,8085608,1.92%
48,14,2,Austria,51,10,Germany,,3115768568,1347124747,43.24%,2910116,0.09%,1557110,0.05%,90513519,2.91%,1410569587,45.27%,263093489,8.44%
48,14,2,Austria,47,19,Hungary,,285171077,75601981,26.51%,521216,0.18%,362151,0.13%,3929430,1.38%,194150329,68.08%,10605970,3.72%
48,14,2,Austria,43,12,Italy,,1757760229,1288818028,73.32%,403698,0.02%,291999,0.02%,82480486,4.69%,363655191,20.69%,22110827,1.26%
48,14,2,Austria,38,138,Japan,,252309604,246011012,97.50%,1503,0.00%,10449,0.00%,366650,0.15%,5205257,2.06%,714733,0.28%
48,14,2,Austria,24,-103,Mexico,,70292749,22488361,31.99%,39,0.00%,,0.00%,,0.00%,45274513,64.41%,2529836,3.60%
48,14,2,Austria,52,5,Netherlands,,198079297,68117000,34.39%,12418,0.01%,9149,0.00%,34304,0.02%,114353629,57.73%,15552797,7.85%
48,14,2,Austria,52,19,Poland,,370619982,79631964,21.49%,28622,0.01%,174895,0.05%,3290016,0.89%,281609077,75.98%,5885408,1.59%
48,14,2,Austria,46,25,Romania,,153755896,40592213,26.40%,56991,0.04%,107013,0.07%,1760094,1.14%,108399194,70.50%,2840391,1.85%
48,14,2,Austria,62,97,Russian Federation,,109015114,20745785,19.03%,93980,0.09%,9612,0.01%,92632,0.08%,86493279,79.34%,1579826,1.45%
48,14,2,Austria,44,21,Serbia,,75508767,26889915,35.61%,318045,0.42%,2834,0.00%,2040521,2.70%,41527142,55.00%,4730310,6.26%
48,14,2,Austria,49,19,Slovakia,,161886475,72203485,44.60%,126186,0.08%,515873,0.32%,3249571,2.01%,80255560,49.58%,5535800,3.42%
48,14,2,Austria,46,15,Slovenia,,571362067,197794872,34.62%,402200,0.07%,201020,0.04%,148324249,25.96%,214743415,37.58%,9896311,1.73%
48,14,2,Austria,40,-4,Spain,,144905644,55750265,38.47%,3611,0.00%,3939,0.00%,196662,0.14%,86207841,59.49%,2743326,1.89%
48,14,2,Austria,47,8,Switzerland,,784369787,400294387,51.03%,490722,0.06%,2173135,0.28%,10241164,1.31%,304815747,38.86%,66354632,8.46%
48,14,2,Austria,39,35,Turkey,,89295380,35652675,39.93%,903,0.00%,83,0.00%,39547,0.04%,51207136,57.35%,2395036,2.68%
48,14,2,Austria,54,-3,United Kingdom,,243026491,75844462,31.21%,6977,0.00%,5067,0.00%,1584713,0.65%,160091148,65.87%,5494124,2.26%
48,14,2,Austria,46,-112,USA,,176245513,89017068,50.51%,1605,0.00%,49568,0.03%,1374,0.00%,78378134,44.47%,8797764,4.99%
61,-98,3,Canada,37,104,China,,3630297016,1177751016,32.44%,33700,0.00%,181,0.00%,2414584829,66.51%,36737895,1.01%,1189395,0.03%
61,-98,3,Canada,23,80,India,,370957026,5384191,1.45%,35,0.00%,97,0.00%,154069310,41.53%,210888235,56.85%,615158,0.17%
61,-98,3,Canada,-2,117,Indonesia,,302055450,7067635,2.34%,11879,0.00%,,0.00%,293582173,97.19%,1328339,0.44%,65424,0.02%
61,-98,3,Canada,38,138,Japan,,1088268129,851618991,78.25%,358,0.00%,3966,0.00%,230171805,21.15%,5489237,0.50%,983772,0.09%
61,-98,3,Canada,24,-103,Mexico,,159793882,14964236,9.36%,678,0.00%,1899,0.00%,45249835,28.32%,92422403,57.84%,7154831,4.48%
61,-98,3,Canada,36,128,Rep. of Korea,,362569504,154337124,42.57%,10340,0.00%,,0.00%,202273726,55.79%,5218257,1.44%,730057,0.20%
61,-98,3,Canada,54,-3,United Kingdom,,411375525,288476299,70.12%,20396,0.00%,16316,0.00%,750284,0.18%,113335872,27.55%,8776358,2.13%
61,-98,3,Canada,46,-112,USA,,18838176766,10114035303,53.69%,3361101,0.02%,29551142,0.16%,1906896109,10.12%,6115238842,32.46%,669094269,3.55%
37,104,4,China,-26,134,Australia,,1182721359,386422829,32.67%,634880,0.05%,18511555,1.57%,125485,0.01%,662609879,56.02%,114416731,9.67%
37,104,4,China,24,90,Bangladesh,,234211066,13247494,5.66%,34442,0.01%,241292,0.10%,83560,0.04%,211043695,90.11%,9560583,4.08%
37,104,4,China,51,5,Belgium,,349384274,193354526,55.34%,336665,0.10%,21600657,6.18%,5926930,1.70%,93921985,26.88%,34243511,9.80%
37,104,4,China,-11,-53,Brazil,,204389896,35496417,17.37%,42487,0.02%,4251653,2.08%,2593407,1.27%,143486454,70.20%,18519478,9.06%
37,104,4,China,61,-98,Canada,,806196423,439462216,54.51%,1077258,0.13%,39465109,4.90%,166083,0.02%,272141526,33.76%,53884231,6.68%
37,104,4,China,-38,-71,Chile,,197910228,64871353,32.78%,39463,0.02%,3315205,1.68%,,0.00%,118121751,59.68%,11562456,5.84%
37,104,4,China,22,114,"China, Hong Kong SAR",,2375608882,278639019,11.73%,269370,0.01%,10677802,0.45%,718046,0.03%,1317141928,55.44%,768162717,32.34%
37,104,4,China,26,30,Egypt,,237974042,99876106,41.97%,,0.00%,268742,0.11%,19721,0.01%,131120267,55.10%,6689206,2.81%
37,104,4,China,46,3,France,,473777331,172836128,36.48%,472282,0.10%,52210574,11.02%,2317042,0.49%,176184823,37.19%,69756482,14.72%
37,104,4,China,51,10,Germany,,841006149,397412051,47.25%,1987387,0.24%,91242266,10.85%,5215899,0.62%,253313698,30.12%,91834848,10.92%
37,104,4,China,23,80,India,,778582049,223587188,28.72%,37681,0.00%,4741449,0.61%,1716384,0.22%,519910926,66.78%,28588421,3.67%
37,104,4,China,-2,117,Indonesia,,382559607,88132279,23.04%,162438,0.04%,625131,0.16%,2482472,0.65%,277090520,72.43%,14066767,3.68%
37,104,4,China,33,54,Iran,,523992031,85067988,16.23%,24173,0.00%,2310111,0.44%,10657158,2.03%,416513138,79.49%,9419463,1.80%
37,104,4,China,33,44,Iraq,,224791657,86812820,38.62%,,0.00%,256947,0.11%,,0.00%,130763763,58.17%,6958127,3.10%
37,104,4,China,31,35,Israel,,281986252,152253140,53.99%,50582,0.02%,18247310,6.47%,,0.00%,102048990,36.19%,9386230,3.33%
37,104,4,China,43,12,Italy,,397546416,138360742,34.80%,652117,0.16%,62531713,15.73%,3261746,0.82%,171721909,43.20%,21018189,5.29%
37,104,4,China,38,138,Japan,,2758694290,1236457638,44.82%,2230265,0.08%,224799689,8.15%,9731267,0.35%,1150692733,41.71%,134782698,4.89%
37,104,4,China,4,110,Malaysia,,951005863,197188035,20.73%,168804,0.02%,24018644,2.53%,348364,0.04%,702543175,73.87%,26738841,2.81%
37,104,4,China,24,-103,Mexico,,372704980,152247131,40.85%,70134,0.02%,27429798,7.36%,1523866,0.41%,175464511,47.08%,15969540,4.28%
37,104,4,China,52,5,Netherlands,,653414850,286493831,43.85%,552997,0.08%,83426150,12.77%,13308338,2.04%,221034706,33.83%,48598828,7.44%
37,104,4,China,10,8,Nigeria,,321473569,110727948,34.44%,60,0.00%,223343,0.07%,376346,0.12%,190441514,59.24%,19704358,6.13%
37,104,4,China,30,69,Pakistan,,298261862,49775137,16.69%,39902,0.01%,504086,0.17%,224380,0.08%,234957203,78.78%,12761154,4.28%
37,104,4,China,12,123,Philippines,,718202406,359774172,50.09%,18379,0.00%,1588202,0.22%,806672,0.11%,337107862,46.94%,18907119,2.63%
37,104,4,China,52,19,Poland,,191506386,56681257,29.60%,239634,0.13%,37203315,19.43%,136419,0.07%,89346956,46.65%,7898805,4.12%
37,104,4,China,36,128,Rep. of Korea,,1083449468,498908229,46.05%,958015,0.09%,35436863,3.27%,19523692,1.80%,497764036,45.94%,30858633,2.85%
37,104,4,China,62,97,Russian Federation,,383127952,132479272,34.58%,555668,0.15%,13094060,3.42%,460536,0.12%,206605642,53.93%,29932774,7.81%
37,104,4,China,24,45,Saudi Arabia,,709405596,261067315,36.80%,121056,0.02%,6361745,0.90%,27108,0.00%,419367555,59.12%,22460817,3.17%
37,104,4,China,1,104,Singapore,,912664838,185828387,20.36%,392556,0.04%,19710975,2.16%,20836,0.00%,677661017,74.25%,29051067,3.18%
37,104,4,China,-29,25,South Africa,,232869081,60124697,25.82%,23544,0.01%,9384142,4.03%,1212127,0.52%,149918642,64.38%,12205929,5.24%
37,104,4,China,40,-4,Spain,,348160127,120423123,34.59%,299103,0.09%,56487562,16.22%,41932,0.01%,136764983,39.28%,34143424,9.81%
37,104,4,China,15,101,Thailand,,590439343,179841218,30.46%,99152,0.02%,18184555,3.08%,13087657,2.22%,365091224,61.83%,14135537,2.39%
37,104,4,China,39,35,Turkey,,391906208,40784968,10.41%,15116,0.00%,8760790,2.24%,319176,0.08%,334702848,85.40%,7323310,1.87%
37,104,4,China,24,54,United Arab Emirates,,692015388,369479054,53.39%,194848,0.03%,13865752,2.00%,151699,0.02%,293984469,42.48%,14339566,2.07%
37,104,4,China,54,-3,United Kingdom,,1764177053,719176804,40.77%,565511,0.03%,103110879,5.84%,3807706,0.22%,572940942,32.48%,364575211,20.67%
37,104,4,China,46,-112,USA,,7851571489,3782111347,48.17%,6890404,0.09%,331996152,4.23%,2103814,0.03%,2574098583,32.78%,1154371189,14.70%
37,104,4,China,17,106,Viet Nam,,1043092900,282128697,27.05%,75829,0.01%,21971678,2.11%,33164,0.00%,700012602,67.11%,38870930,3.73%
64,26,5,Finland,28,3,Algeria,,130074699,104344769,80.22%,,0.00%,,0.00%,2525935,1.94%,23200275,17.84%,3720,0.00%
64,26,5,Finland,-26,134,Australia,,101985873,18347223,17.99%,3217,0.00%,14513,0.01%,3802861,3.73%,79596275,78.05%,221784,0.22%
64,26,5,Finland,48,14,Austria,,74203119,39850760,53.70%,520,0.00%,,0.00%,1062965,1.43%,33188292,44.73%,100582,0.14%
64,26,5,Finland,51,5,Belgium,,645468400,37223903,5.77%,378,0.00%,3642,0.00%,32711950,5.07%,573769080,88.89%,1759447,0.27%
64,26,5,Finland,37,104,China,,923068796,248468616,26.92%,766,0.00%,6,0.00%,600402757,65.04%,73360011,7.95%,836640,0.09%
64,26,5,Finland,56,10,Denmark,,142706448,67610962,47.38%,725,0.00%,34,0.00%,24092,0.02%,67090021,47.01%,7980614,5.59%
64,26,5,Finland,26,30,Egypt,,283310789,208171639,73.48%,,0.00%,,0.00%,30655374,10.82%,44455221,15.69%,28555,0.01%
64,26,5,Finland,59,26,Estonia,,158698608,75064440,47.30%,3427,0.00%,110208,0.07%,14305030,9.01%,67344238,42.44%,1871265,1.18%
64,26,5,Finland,46,3,France,,413833929,141382140,34.16%,557,0.00%,,0.00%,85510528,20.66%,186577916,45.09%,362788,0.09%
64,26,5,Finland,51,10,Germany,,1979582968,256446639,12.95%,2001,0.00%,2400,0.00%,349199199,17.64%,1370894323,69.25%,3038406,0.15%
64,26,5,Finland,23,80,India,,83927649,840192,1.00%,73,0.00%,55,0.00%,14461636,17.23%,68489037,81.60%,136656,0.16%
64,26,5,Finland,31,35,Israel,,112214179,83163410,74.11%,,0.00%,,0.00%,9777091,8.71%,19153725,17.07%,119953,0.11%
64,26,5,Finland,43,12,Italy,,471801831,53319594,11.30%,2719,0.00%,145,0.00%,210097530,44.53%,208068829,44.10%,313014,0.07%
64,26,5,Finland,38,138,Japan,,523636032,373430323,71.31%,8670,0.00%,45265,0.01%,12853883,2.45%,137165154,26.19%,132737,0.03%
64,26,5,Finland,24,-103,Mexico,,84673269,393764,0.47%,,0.00%,,0.00%,33,0.00%,84172081,99.41%,107391,0.13%
64,26,5,Finland,30,-8,Morocco,,91086606,44729574,49.11%,,0.00%,,0.00%,6857522,7.53%,39492876,43.36%,6634,0.01%
64,26,5,Finland,52,5,Netherlands,,287921317,106019510,36.82%,3713,0.00%,29,0.00%,71894858,24.97%,109174935,37.92%,828272,0.29%
64,26,5,Finland,69,15,Norway,,137135372,62676290,45.70%,798,0.00%,3020,0.00%,19859,0.01%,40068268,29.22%,34367137,25.06%
64,26,5,Finland,52,19,Poland,,420768425,54397692,12.93%,17176,0.00%,216,0.00%,67889177,16.13%,293784842,69.82%,4679322,1.11%
64,26,5,Finland,36,128,Rep. of Korea,,93427651,49125389,52.58%,479,0.00%,6466,0.01%,1341568,1.44%,42623327,45.62%,330422,0.35%
64,26,5,Finland,62,97,Russian Federation,,453022264,10832441,2.39%,16207,0.00%,50837,0.01%,17347170,3.83%,413466002,91.27%,11309607,2.50%
64,26,5,Finland,24,45,Saudi Arabia,,126759443,76766004,60.56%,,0.00%,,0.00%,127992,0.10%,49768377,39.26%,97070,0.08%
64,26,5,Finland,40,-4,Spain,,436345675,35041556,8.03%,18,0.00%,,0.00%,76725818,17.58%,324299667,74.32%,278616,0.06%
64,26,5,Finland,63,17,Sweden,,598930261,179359054,29.95%,9005,0.00%,65456,0.01%,69049605,11.53%,316062441,52.77%,34384700,5.74%
64,26,5,Finland,39,35,Turkey,,305040996,23002896,7.54%,27248,0.01%,,0.00%,89706532,29.41%,192183045,63.00%,121275,0.04%
64,26,5,Finland,54,-3,United Kingdom,,1027093220,293083500,28.54%,373,0.00%,562,0.00%,25065739,2.44%,698185670,67.98%,10757376,1.05%
64,26,5,Finland,46,-112,USA,,723315414,20011249,2.77%,5158,0.00%,7101,0.00%,5171870,0.72%,696423778,96.28%,1696258,0.23%
46,3,6,France,28,3,Algeria,,158558988,22397092,14.13%,12600,0.01%,4384,0.00%,341443,0.22%,120005737,75.69%,15797732,9.96%
46,3,6,France,-26,134,Australia,,80367353,43550255,54.19%,2317190,2.88%,12001,0.01%,80444,0.10%,32328579,40.23%,2078884,2.59%
46,3,6,France,48,14,Austria,,104275576,18918504,18.14%,1103861,1.06%,226699,0.22%,7478376,7.17%,71362818,68.44%,5185318,4.97%
46,3,6,France,51,5,Belgium,,1387309341,442475046,31.89%,2723147,0.20%,1102731,0.08%,53851670,3.88%,547236340,39.45%,339920407,24.50%
46,3,6,France,61,-98,Canada,,150386265,9955402,6.62%,30174,0.02%,39698,0.03%,28113,0.02%,42795063,28.46%,97537815,64.86%
46,3,6,France,37,104,China,,248869772,64471182,25.91%,933022,0.37%,1944970,0.78%,89714215,36.05%,83974778,33.74%,7831605,3.15%
46,3,6,France,50,15,Czechia,,84785128,12426060,14.66%,2739128,3.23%,19828,0.02%,2218449,2.62%,58866708,69.43%,8514955,10.04%
46,3,6,France,51,10,Germany,,1866081239,339998603,18.22%,5997267,0.32%,1271667,0.07%,195385912,10.47%,1178042182,63.13%,145385608,7.79%
46,3,6,France,23,80,India,,83107818,3265191,3.93%,142459,0.17%,3618,0.00%,5433360,6.54%,62344608,75.02%,11918582,14.34%
46,3,6,France,43,12,Italy,,1061279452,307526162,28.98%,16906997,1.59%,1769518,0.17%,131571279,12.40%,554183481,52.22%,49322015,4.65%
46,3,6,France,38,138,Japan,,54646035,8827295,16.15%,922038,1.69%,640980,1.17%,3262937,5.97%,22846962,41.81%,18145823,33.21%
46,3,6,France,50,6,Luxembourg,,127436438,28249760,22.17%,597697,0.47%,94193,0.07%,6202,0.00%,79618585,62.48%,18870001,14.81%
46,3,6,France,30,-8,Morocco,,100411424,28777299,28.66%,86827,0.09%,81367,0.08%,170772,0.17%,39194339,39.03%,32100820,31.97%
46,3,6,France,52,5,Netherlands,,528455088,145013287,27.44%,21965,0.00%,256737,0.05%,37841465,7.16%,320223654,60.60%,25097980,4.75%
46,3,6,France,52,19,Poland,,252473790,17973379,7.12%,14842,0.01%,469089,0.19%,1031301,0.41%,219538232,86.95%,13446947,5.33%
46,3,6,France,40,-9,Portugal,,145319842,50718339,34.90%,1830214,1.26%,186811,0.13%,14587411,10.04%,67216117,46.25%,10780950,7.42%
46,3,6,France,36,128,Rep. of Korea,,56108881,1050394,1.87%,7715,0.01%,32021,0.06%,14401051,25.67%,36335772,64.76%,4281928,7.63%
46,3,6,France,62,97,Russian Federation,,68136280,15496118,22.74%,481993,0.71%,32710,0.05%,7600,0.01%,46633788,68.44%,5484071,8.05%
46,3,6,France,40,-4,Spain,,1286771736,318749124,24.77%,16882332,1.31%,2115866,0.16%,215053879,16.71%,675045254,52.46%,58925281,4.58%
46,3,6,France,63,17,Sweden,,66684417,12753977,19.13%,204176,0.31%,81037,0.12%,2004602,3.01%,39719128,59.56%,11921497,17.88%
46,3,6,France,47,8,Switzerland,,535354026,127000403,23.72%,4647401,0.87%,565361,0.11%,11558240,2.16%,179534848,33.54%,212047773,39.61%
46,3,6,France,34,10,Tunisia,,89858037,13028650,14.50%,16207,0.02%,3674781,4.09%,1561052,1.74%,33851254,37.67%,37726093,41.98%
46,3,6,France,39,35,Turkey,,72422845,7668029,10.59%,974687,1.35%,81059,0.11%,5021067,6.93%,50712217,70.02%,7965786,11.00%
46,3,6,France,54,-3,United Kingdom,,833568351,156109163,18.73%,1371450,0.16%,694609,0.08%,2637428,0.32%,601911715,72.21%,70843986,8.50%
46,3,6,France,46,-112,USA,,532314831,214337080,40.27%,4070226,0.76%,598481,0.11%,7457110,1.40%,234927717,44.13%,70924217,13.32%
51,10,7,Germany,48,14,Austria,,3279693286,1037754644,31.64%,4342670,0.13%,10290679,0.31%,288355303,8.79%,1194624695,36.42%,744325295,22.69%
51,10,7,Germany,51,5,Belgium,,1750804951,422506607,24.13%,2124342,0.12%,1921069,0.11%,44524921,2.54%,1150880482,65.73%,128847530,7.36%
51,10,7,Germany,61,-98,Canada,,186420016,92109585,49.41%,54508,0.03%,31556,0.02%,164980,0.09%,80240899,43.04%,13818488,7.41%
51,10,7,Germany,37,104,China,,695275158,252879483,36.37%,984984,0.14%,199368,0.03%,155535046,22.37%,223937569,32.21%,61738708,8.88%
51,10,7,Germany,50,15,Czechia,,1310539581,226935496,17.32%,1513883,0.12%,2117289,0.16%,49123600,3.75%,734233344,56.03%,296615969,22.63%
51,10,7,Germany,56,10,Denmark,,828683492,324980169,39.22%,730112,0.09%,865250,0.10%,10683567,1.29%,360845570,43.54%,130578824,15.76%
51,10,7,Germany,64,26,Finland,,184761546,53109332,28.74%,168088,0.09%,801637,0.43%,8689083,4.70%,105408500,57.05%,16584906,8.98%
51,10,7,Germany,46,3,France,,3540121259,794317130,22.44%,4562510,0.13%,3926375,0.11%,129541112,3.66%,2153920409,60.84%,453853723,12.82%
51,10,7,Germany,47,19,Hungary,,385962851,95451811,24.73%,545547,0.14%,879884,0.23%,5225151,1.35%,255221306,66.13%,28639152,7.42%
51,10,7,Germany,23,80,India,,214078589,67411690,31.49%,94965,0.04%,168797,0.08%,20581860,9.61%,116965984,54.64%,8855293,4.14%
51,10,7,Germany,43,12,Italy,,1942729322,406022871,20.90%,1468826,0.08%,3185218,0.16%,92273472,4.75%,1250068752,64.35%,189710183,9.77%
51,10,7,Germany,38,138,Japan,,215138705,96932461,45.06%,130446,0.06%,39178,0.02%,17162236,7.98%,79276965,36.85%,21597419,10.04%
51,10,7,Germany,50,6,Luxembourg,,241312102,112243473,46.51%,900569,0.37%,347213,0.14%,780113,0.32%,73006554,30.25%,54034180,22.39%
51,10,7,Germany,24,-103,Mexico,,206997906,37878917,18.30%,12439,0.01%,53446,0.03%,4959847,2.40%,152617619,73.73%,11475638,5.54%
51,10,7,Germany,52,5,Netherlands,,2985490317,684374531,22.92%,1172029,0.04%,5130809,0.17%,190853986,6.39%,1845372178,61.81%,258586784,8.66%
51,10,7,Germany,69,15,Norway,,190779391,64150104,33.63%,316349,0.17%,548131,0.29%,1969257,1.03%,86746661,45.47%,37048889,19.42%
51,10,7,Germany,52,19,Poland,,2692674339,381204160,14.16%,1152557,0.04%,3653585,0.14%,51931610,1.93%,1845342218,68.53%,409390209,15.20%
51,10,7,Germany,46,25,Romania,,318446931,89025216,27.96%,846451,0.27%,618315,0.19%,8093923,2.54%,205876484,64.65%,13986542,4.39%
51,10,7,Germany,62,97,Russian Federation,,537178527,70456868,13.12%,1920492,0.36%,208512,0.04%,10243818,1.91%,429120140,79.88%,25228697,4.70%
51,10,7,Germany,24,45,Saudi Arabia,,179785263,63679168,35.42%,86911,0.05%,426441,0.24%,1219153,0.68%,97748903,54.37%,16624687,9.25%
51,10,7,Germany,49,19,Slovakia,,245234475,62739195,25.58%,208428,0.08%,819702,0.33%,24943563,10.17%,143081629,58.34%,13441958,5.48%
51,10,7,Germany,46,15,Slovenia,,175953625,58743640,33.39%,137334,0.08%,415902,0.24%,11788441,6.70%,91353798,51.92%,13514510,7.68%
51,10,7,Germany,-29,25,South Africa,,186663502,19701480,10.55%,1100501,0.59%,40630,0.02%,1746622,0.94%,148349947,79.47%,15724322,8.42%
51,10,7,Germany,40,-4,Spain,,963976932,182765231,18.96%,523240,0.05%,2748234,0.29%,23833650,2.47%,629943159,65.35%,124163418,12.88%
51,10,7,Germany,63,17,Sweden,,622618361,163358531,26.24%,524992,0.08%,1861666,0.30%,9638535,1.55%,360915050,57.97%,86319587,13.86%
51,10,7,Germany,47,8,Switzerland,,2405487552,765241221,31.81%,3711828,0.15%,5070896,0.21%,47011911,1.95%,833389821,34.65%,751061875,31.22%
51,10,7,Germany,39,35,Turkey,,458742817,45117557,9.84%,677580,0.15%,254585,0.06%,16660457,3.63%,377633565,82.32%,18399073,4.01%
51,10,7,Germany,49,31,Ukraine,,169634427,24663385,14.54%,38030,0.02%,60559,0.04%,4923231,2.90%,135002527,79.58%,4946695,2.92%
51,10,7,Germany,54,-3,United Kingdom,,2229365361,442930344,19.87%,807976,0.04%,4272960,0.19%,29350841,1.32%,1426312062,63.98%,325691178,14.61%
51,10,7,Germany,46,-112,USA,,1200823932,284758488,23.71%,999098,0.08%,177453,0.01%,2350664,0.20%,777368453,64.74%,135169776,11.26%
43,12,8,Italy,-26,134,Australia,,81714225,16108860,19.71%,764031,0.94%,2431,0.00%,208999,0.26%,60467274,74.00%,4162630,5.09%
43,12,8,Italy,48,14,Austria,,332926511,112932512,33.92%,375103,0.11%,164787,0.05%,24290840,7.30%,176835631,53.12%,18327638,5.51%
43,12,8,Italy,51,5,Belgium,,222268023,35042088,15.77%,55380,0.02%,27337,0.01%,1190418,0.54%,160804878,72.35%,25147922,11.31%
43,12,8,Italy,43,25,Bulgaria,,56256160,6834441,12.15%,846781,1.51%,31987,0.06%,2962,0.01%,45354274,80.62%,3185715,5.66%
43,12,8,Italy,37,104,China,,284532218,37551528,13.20%,7138608,2.51%,76925,0.03%,154480862,54.29%,76387992,26.85%,8896303,3.13%
43,12,8,Italy,45,16,Croatia,,100554670,22724105,22.60%,394023,0.39%,134711,0.13%,1415864,1.41%,73358842,72.95%,2527125,2.51%
43,12,8,Italy,50,15,Czechia,,128674912,15516714,12.06%,128952,0.10%,58265,0.05%,61257,0.05%,90747560,70.52%,22162164,17.22%
43,12,8,Italy,26,30,Egypt,,86213070,12499949,14.50%,12762,0.01%,23113,0.03%,17793,0.02%,71530726,82.97%,2128727,2.47%
43,12,8,Italy,46,3,France,,1741282841,231650536,13.30%,4492686,0.26%,651536,0.04%,11196857,0.64%,1146393814,65.84%,346897412,19.92%
43,12,8,Italy,51,10,Germany,,1409140923,249290444,17.69%,1272125,0.09%,309550,0.02%,50517636,3.58%,952818271,67.62%,154932897,10.99%
43,12,8,Italy,39,23,Greece,,172155318,21244472,12.34%,443027,0.26%,532325,0.31%,438138,0.25%,140796398,81.78%,8700958,5.05%
43,12,8,Italy,47,19,Hungary,,110472159,15627770,14.15%,552484,0.50%,47504,0.04%,5251557,4.75%,80650721,73.01%,8342123,7.55%
43,12,8,Italy,23,80,India,,146195304,13609458,9.31%,333567,0.23%,19419,0.01%,2756908,1.89%,127392035,87.14%,2083917,1.43%
43,12,8,Italy,31,35,Israel,,84633013,35941686,42.47%,533978,0.63%,74274,0.09%,18701,0.02%,45717118,54.02%,2347256,2.77%
43,12,8,Italy,24,-103,Mexico,,69855954,7793540,11.16%,74988,0.11%,17135,0.02%,435568,0.62%,55765562,79.83%,5769161,8.26%
43,12,8,Italy,30,-8,Morocco,,68185462,14650271,21.49%,100598,0.15%,3442,0.01%,48761,0.07%,45235092,66.34%,8147298,11.95%
43,12,8,Italy,52,5,Netherlands,,251959605,45749819,18.16%,28504,0.01%,51758,0.02%,1080920,0.43%,166019462,65.89%,39029142,15.49%
43,12,8,Italy,52,19,Poland,,299801087,20885551,6.97%,273640,0.09%,62982,0.02%,4482612,1.50%,243112404,81.09%,30983898,10.33%
43,12,8,Italy,40,-9,Portugal,,101318289,8997788,8.88%,6517951,6.43%,299705,0.30%,30343,0.03%,78826951,77.80%,6645551,6.56%
43,12,8,Italy,46,25,Romania,,162498956,30316239,18.66%,394644,0.24%,287981,0.18%,2324399,1.43%,116463502,71.67%,12712191,7.82%
43,12,8,Italy,62,97,Russian Federation,,143780350,60001537,41.73%,88552,0.06%,91272,0.06%,119378,0.08%,74306661,51.68%,9172950,6.38%
43,12,8,Italy,24,45,Saudi Arabia,,57428567,11694656,20.36%,8066,0.01%,209085,0.36%,2052654,3.57%,40122236,69.86%,3341870,5.82%
43,12,8,Italy,46,15,Slovenia,,161165839,39194386,24.32%,598619,0.37%,81462,0.05%,19911131,12.35%,93483505,58.00%,7896736,4.90%
43,12,8,Italy,40,-4,Spain,,660543402,49692290,7.52%,5402891,0.82%,662135,0.10%,12310521,1.86%,519254132,78.61%,73221433,11.09%
43,12,8,Italy,63,17,Sweden,,57868875,9243843,15.97%,10735,0.02%,6657,0.01%,7321,0.01%,31770373,54.90%,16829946,29.08%
43,12,8,Italy,47,8,Switzerland,,503539021,139203428,27.65%,826519,0.16%,589255,0.12%,9124835,1.81%,258697287,51.38%,95097697,18.89%
43,12,8,Italy,34,10,Tunisia,,93752343,24964137,26.63%,144414,0.15%,8854,0.01%,1653,0.00%,65237103,69.58%,3396182,3.62%
43,12,8,Italy,39,35,Turkey,,192415437,18262598,9.49%,57543,0.03%,308046,0.16%,5617823,2.92%,157554737,81.88%,10614690,5.52%
43,12,8,Italy,24,54,United Arab Emirates,,87376562,29504843,33.77%,32551,0.04%,124877,0.14%,396124,0.45%,53997777,61.80%,3320390,3.80%
43,12,8,Italy,54,-3,United Kingdom,,659773185,123229424,18.68%,780982,0.12%,260530,0.04%,5988565,0.91%,393073559,59.58%,136440125,20.68%
43,12,8,Italy,46,-112,USA,,408779379,142610127,34.89%,6662678,1.63%,370844,0.09%,24930,0.01%,173075011,42.34%,86035789,21.05%
63,17,9,Sweden,28,3,Algeria,,145310404,130423633,89.76%,5964,0.00%,,0.00%,157284,0.11%,13859339,9.54%,864184,0.59%
63,17,9,Sweden,48,14,Austria,,249389751,17876801,7.17%,819,0.00%,46425,0.02%,100781999,40.41%,129926873,52.10%,756834,0.30%
63,17,9,Sweden,51,5,Belgium,,260906904,72234920,27.69%,3508,0.00%,7718,0.00%,7467300,2.86%,179799537,68.91%,1393921,0.53%
63,17,9,Sweden,37,104,China,,589880649,159230434,26.99%,3859,0.00%,1520,0.00%,136736621,23.18%,292225804,49.54%,1682411,0.29%
63,17,9,Sweden,50,15,Czechia,,85804016,9274485,10.81%,117,0.00%,1754,0.00%,3325180,3.88%,72858794,84.91%,343686,0.40%
63,17,9,Sweden,56,10,Denmark,,826035167,364883929,44.17%,270715,0.03%,920900,0.11%,19325216,2.34%,413824701,50.10%,26809706,3.25%
63,17,9,Sweden,26,30,Egypt,,243105529,182507860,75.07%,,0.00%,,0.00%,1787891,0.74%,52698862,21.68%,6110916,2.51%
63,17,9,Sweden,64,26,Finland,,307548292,46087444,14.99%,176813,0.06%,2111580,0.69%,28838960,9.38%,204239928,66.41%,26093567,8.48%
63,17,9,Sweden,46,3,France,,549345501,97169148,17.69%,8303,0.00%,8303,0.00%,124680141,22.70%,323877747,58.96%,3601859,0.66%
63,17,9,Sweden,51,10,Germany,,2289996580,285440847,12.46%,45373,0.00%,73087,0.00%,327405349,14.30%,1672108530,73.02%,4923394,0.21%
63,17,9,Sweden,47,19,Hungary,,106797142,4711499,4.41%,,0.00%,234,0.00%,27868244,26.09%,74025852,69.31%,191313,0.18%
63,17,9,Sweden,23,80,India,,232472674,4948887,2.13%,702,0.00%,234,0.00%,111136188,47.81%,94781123,40.77%,21605540,9.29%
63,17,9,Sweden,-2,117,Indonesia,,119657815,770983,0.64%,,0.00%,,0.00%,63253369,52.86%,55529153,46.41%,104310,0.09%
63,17,9,Sweden,43,12,Italy,,732295626,31926869,4.36%,936,0.00%,21634,0.00%,207350991,28.32%,490759310,67.02%,2235886,0.31%
63,17,9,Sweden,38,138,Japan,,278075052,209711418,75.42%,468,0.00%,54260,0.02%,20037379,7.21%,45446732,16.34%,2824795,1.02%
63,17,9,Sweden,24,-103,Mexico,,89830014,149098,0.17%,,0.00%,,0.00%,1168695,1.30%,88357861,98.36%,154360,0.17%
63,17,9,Sweden,30,-8,Morocco,,148836018,77402835,52.01%,17892,0.01%,,0.00%,323806,0.22%,68922254,46.31%,2169231,1.46%
63,17,9,Sweden,52,5,Netherlands,,975571769,219559960,22.51%,6198,0.00%,4678,0.00%,231071969,23.69%,521857193,53.49%,3071771,0.31%
63,17,9,Sweden,69,15,Norway,,1286292985,633158266,49.22%,1803093,0.14%,2422873,0.19%,57499703,4.47%,481692743,37.45%,109716307,8.53%
63,17,9,Sweden,30,69,Pakistan,,92521030,3077735,3.33%,,0.00%,,0.00%,10702085,11.57%,78664965,85.02%,76245,0.08%
63,17,9,Sweden,52,19,Poland,,499292163,71412718,14.30%,3274,0.00%,160090,0.03%,98791101,19.79%,326936304,65.48%,1988676,0.40%
63,17,9,Sweden,62,97,Russian Federation,,78718874,7387898,9.39%,6899,0.01%,1052,0.00%,21537948,27.36%,48857862,62.07%,927215,1.18%
63,17,9,Sweden,24,45,Saudi Arabia,,140588380,68427482,48.67%,234,0.00%,,0.00%,1114201,0.79%,70803579,50.36%,242884,0.17%
63,17,9,Sweden,40,-4,Spain,,376784295,42457286,11.27%,6783,0.00%,24791,0.01%,101714710,27.00%,231445709,61.43%,1135016,0.30%
63,17,9,Sweden,47,8,Switzerland,,79161959,10470193,13.23%,819,0.00%,62680,0.08%,12777881,16.14%,53760674,67.91%,2089712,2.64%
63,17,9,Sweden,39,35,Turkey,,222598288,14946995,6.71%,12279,0.01%,,0.00%,46342139,20.82%,160519811,72.11%,777064,0.35%
63,17,9,Sweden,54,-3,United Kingdom,,1492172175,632672499,42.40%,8303,0.00%,23739,0.00%,161263664,10.81%,692017861,46.38%,6186109,0.41%
63,17,9,Sweden,46,-112,USA,,268832958,69710544,25.93%,95423,0.04%,285567,0.11%,31772274,11.82%,158727476,59.04%,8241674,3.07%